Date of Birth,Name,Phone,Address,Credit Card,Email
2000-01-31,Gowthaman1,(+57) 320-432-05-09,Lorem Ipsum1,371449635398431,e@ya.ru
2000-01-31,glyphicon glyphicon-file1,(+00) 000 000 00 00 00,Lorem Ipsum2,4111111111111111,e@ya.ru
2000-01-31,glyphicon glyphicon-file2,(+00) 000 000 00 00 00,Lorem Ipsum3,4111111111111111,e@ya.ru
2000-01-31,glyphicon glyphicon-file3,(+00) 000 000 00 00 00,Lorem Ipsum4,4111111111111111,e@ya.ru
2000-01-31,glyphicon glyphicon-file4,(+00) 000 000 00 00 00,Lorem Ipsum5,4111111111111111,e@ya.ru
2000-01-31,glyphicon glyphicon-file5,(+00) 000 000 00 00 00,Lorem Ipsum6,4111111111111111,e@ya.ru
2000-01-31,glyphicon glyphicon-file6,(+00) 000 000 00 00 00,Lorem Ipsum7,4111111111111111,e@ya.ru
2000-01-31,glyphicon glyphicon-file7,(+00) 000 000 00 00 00,Lorem Ipsum8,4111111111111111,e@ya.ru
2000-01-31,glyphicon glyphicon-file8,(+00) 000 000 00 00 00,Lorem Ipsum9,4111111111111111,e@ya.ru
2000-01-31,glyphicon glyphicon-file9,(+00) 000 000 00 00 00,Lorem Ipsum10,4111111111111111,e@ya.ru
2000-01-31,glyphicon glyphicon-file10,(+00) 000 000 00 00 00,Lorem Ipsum11,4111111111111111,e@ya.ru
