Name,Date of Birth,Phone,Address,Credit Card,Email
Gowthaman1%$#,2000-01-31,(+57) 320-432-05-09,Lorem Ipsum1,371449635398431,wqe@ya.ru
glyphicon glyphicon-file1asdcz,2000-01-31,(+00) 000 000 00 00 00,Lorem Ipsum2,4111111111111111,ewq@ya.ru
glyphicon glyphicoasdan-file2,2000-01-31,(+00) 000 000 00 00 00,Lorem Ipsum3,4111111111111111,eqwq@ya.ru
glyphicon glyphiconasda-file3,2000-01-31,(+00) 000 000 00 00 00,Lorem Ipsum4,4111111111111111,eqw@ya.ru
glyphicon glyphiconasda-file7,2000-01-31,(+00)d000 000 00 00 00,Lorem Ipsum4,4111111111111111,eqw@ya.ru
glyphicon glyphicoasdan-file22,2000-01-31,(+00) 000 000 00 00 00,Lorem Ipsum3,4111111111111111,eqwq@ya.ru
glyphicon glyphiconasda-file33,31-01-2000,(+00) 000 000 00 00 00,Lorem Ipsum4,4111111111111111,eqw@ya.ru
glyphicon glyphicoasdan-fil3f22,2000-01-31,(+00) 000 000 00 00 00,Lorem Ipsum3,4111111111111111,
glyphicon glyphiconasda-filedf33,2000-01-31,(+00) 000 000 00 00 00,,4111111111111111,eqwq@ya.ru
